INSERT INTO worker (name, birthday, level, salary)
VALUES ('John Doe', '1985-03-15', 'Senior', 5500),
       ('Jane Smith', '1990-07-22', 'Middle', 3500),
       ('Emily Johnson', '1995-10-05', 'Junior', 1200),
       ('Michael Brown', '2000-12-01', 'Trainee', 900),
       ('Sophia Davis', '1988-04-18', 'Senior', 6000),
       ('William Miller', '1992-02-14', 'Middle', 4000),
       ('Olivia Wilson', '1996-09-09', 'Junior', 800),
       ('James Moore', '1983-11-25', 'Senior', 7200),
       ('Emma Taylor', '1999-01-30', 'Trainee', 950),
       ('Liam Anderson', '1994-06-17', 'Middle', 3200);


INSERT INTO client (name)
VALUES ('Alice Johnson'),
       ('Robert Smith'),
       ('Maria Garcia'),
       ('David Brown'),
       ('Emma Wilson'),
       ('James Williams'),
       ('Olivia Martinez'),
       ('Michael Davis'),
       ('Sophia Lee'),
       ('John Clark');


INSERT INTO project (CLIENT_ID, START_DATE, FINISH_DATE)
VALUES (1, '2020-01-01', '2020-02-01'), -- Тривалість: 1 місяць
       (2, '2019-03-01', '2021-03-01'), -- Тривалість: 24 місяці
       (3, '2018-07-01', '2021-07-01'), -- Тривалість: 36 місяців
       (4, '2017-06-15', '2025-06-15'), -- Тривалість: 96 місяців
       (5, '2021-01-01', '2022-01-01'), -- Тривалість: 12 місяців
       (6, '2019-05-01', '2021-11-01'), -- Тривалість: 30 місяців
       (7, '2022-03-01', '2022-09-01'), -- Тривалість: 6 місяців
       (8, '2020-04-01', '2023-04-01'), -- Тривалість: 36 місяців
       (9, '2018-10-01', '2022-10-01'), -- Тривалість: 48 місяців
       (10, '2015-01-01', '2023-05-01'); -- Тривалість: 100 місяців


INSERT INTO project_worker (project_id, worker_id)
VALUES (1, 1),   -- Проєкт 1, працівник 1
       (2, 2),   -- Проєкт 2, працівник 2
       (2, 3),   -- Проєкт 2, працівник 3
       (3, 4),   -- Проєкт 3, працівник 4
       (3, 5),   -- Проєкт 3, працівник 5
       (3, 6),   -- Проєкт 3, працівник 6
       (4, 7),   -- Проєкт 4, працівник 7
       (4, 8),   -- Проєкт 4, працівник 8
       (4, 9),   -- Проєкт 4, працівник 9
       (4, 10),  -- Проєкт 4, працівник 10
       (5, 1),   -- Проєкт 5, працівник 1
       (5, 2),   -- Проєкт 5, працівник 2
       (5, 3),   -- Проєкт 5, працівник 3
       (6, 4),   -- Проєкт 6, працівник 4
       (7, 5),   -- Проєкт 7, працівник 5
       (7, 6),   -- Проєкт 7, працівник 6
       (8, 7),   -- Проєкт 8, працівник 7
       (8, 8),   -- Проєкт 8, працівник 8
       (9, 9),   -- Проєкт 9, працівник 9
       (10, 10), -- Проєкт 10, працівник 10
       (10, 1),  -- Проєкт 10, працівник 1
       (10, 2); -- Проєкт 10, працівник 2

